<?xml version="1.0" encoding="UTF-8"?>
<metadata xml:lang="en"><Esri><CreaDate>20230905</CreaDate><CreaTime>14223800</CreaTime><ArcGISFormat>1.0</ArcGISFormat><SyncOnce>TRUE</SyncOnce><DataProperties><lineage><Process ToolSource="c:\program files (x86)\arcgis\desktop10.3\ArcToolbox\Toolboxes\Data Management Tools.tbx\CalculateField" Date="20180114" Time="231441">CalculateField Categories_Industries Category_2 "[Schedule] &amp; [Category]" VB #</Process></lineage><itemProps><itemLocation><linkage Sync="TRUE">file://\\DESKTOP-GCHAPM7\C$\Users\Farhan\Desktop\Urban Unit\For Shapefile\Classification of Industries\commondata\for_shapefile\Categories_Industries</linkage><protocol Sync="TRUE">Local Area Network</protocol></itemLocation></itemProps><copyHistory><copy source="C:\Users\Farhan\Desktop\Urban Unit\For Shapefile\Categories_Industries" dest="\\DESKTOP-GCHAPM7\C$\Users\Farhan\Desktop\Urban Unit\For Shapefile\Classification of Industries\commondata\for_shapefile\Categories_Industries" date="20180115" time="04032100"></copy></copyHistory></DataProperties></Esri></metadata>
